"section","result","population","cohort_start","cohort_end","outcome","estimate","ci_low","ci_high","p_value","status","thesis_use","result_file","code_file"
"Main results","Local Match v2 ATT, t=+1,...,+5","Pre-deal target-inventor cohort",1993,2010,"patent_count",-0.0520603086129782,-0.0898254477875322,-0.0146995174967257,0.0074007400740074,"primary","Main thesis estimate with deal-cluster wild-bootstrap inference.","02_analysis/output/audit/local_match_v2_1993_amendment/P6_ESTIMATION_PRIMARY/p6_headline_post_att.csv","02_analysis/R/19c_run_lmv2_p6_estimation.R"
"Main results","Local Match v2 ATT, t=+1,...,+5","Pre-deal target-inventor cohort",1993,2010,"active_patenting",-0.0174238710402286,-0.038112836205169,0.00288788163582848,0.0868086808680868,"primary","Main thesis estimate with deal-cluster wild-bootstrap inference.","02_analysis/output/audit/local_match_v2_1993_amendment/P6_ESTIMATION_PRIMARY/p6_headline_post_att.csv","02_analysis/R/19c_run_lmv2_p6_estimation.R"
"Main results","Local Match v2 ATT, t=+1,...,+5","Pre-deal target-inventor cohort",1993,2010,"tech_drift",0.00684535654612693,-0.0247193765539785,0.0392793884266767,0.665466546654665,"qualified: joint pretrend rejected","Report as a pretrend-qualified matched contrast; do not make a clean causal claim.","02_analysis/output/audit/local_match_v2_1993_amendment/P6_ESTIMATION_PRIMARY/p6_headline_post_att.csv","02_analysis/R/19c_run_lmv2_p6_estimation.R"
"Main results","Local Match v2 ATT, t=+1,...,+5","Pre-deal target-inventor cohort",1993,2010,"pqii_scaled",-0.0104116034922407,-0.0196780738841694,-0.00156655062440818,0.0225022502250225,"primary","Main thesis estimate with deal-cluster wild-bootstrap inference.","02_analysis/output/audit/local_match_v2_1993_amendment/P6_ESTIMATION_PRIMARY/p6_headline_post_att.csv","02_analysis/R/19c_run_lmv2_p6_estimation.R"
"Main results","Local Match v2 ATT, t=+1,...,+5","Pre-deal target-inventor cohort",1993,2010,"fwd_cits5_scaled",-0.00215860725873834,-0.121747441053973,0.128181741088184,0.977097709770977,"primary","Main thesis estimate with deal-cluster wild-bootstrap inference.","02_analysis/output/audit/local_match_v2_1993_amendment/P6_ESTIMATION_PRIMARY/p6_headline_post_att.csv","02_analysis/R/19c_run_lmv2_p6_estimation.R"
"Identification diagnostic","Local Match joint pretreatment test","Pre-deal target-inventor cohort",1993,2010,"patent_count",NA,NA,NA,1,"passes reporting threshold","Joint test over event times -5;-4;-3;-2.","02_analysis/output/audit/local_match_v2_1993_amendment/P6_ESTIMATION_PRIMARY/p6_joint_pretrend_tests.csv","02_analysis/R/19c_run_lmv2_p6_estimation.R"
"Identification diagnostic","Local Match joint pretreatment test","Pre-deal target-inventor cohort",1993,2010,"active_patenting",NA,NA,NA,1,"passes reporting threshold","Joint test over event times -5;-4;-3;-2.","02_analysis/output/audit/local_match_v2_1993_amendment/P6_ESTIMATION_PRIMARY/p6_joint_pretrend_tests.csv","02_analysis/R/19c_run_lmv2_p6_estimation.R"
"Identification diagnostic","Local Match joint pretreatment test","Pre-deal target-inventor cohort",1993,2010,"tech_drift",NA,NA,NA,0.012835555933929,"pretrend rejected","Joint test over event times -5;-4;-3;-2.","02_analysis/output/audit/local_match_v2_1993_amendment/P6_ESTIMATION_PRIMARY/p6_joint_pretrend_tests.csv","02_analysis/R/19c_run_lmv2_p6_estimation.R"
"Identification diagnostic","Local Match joint pretreatment test","Pre-deal target-inventor cohort",1993,2010,"pqii_scaled",NA,NA,NA,0.630686131543174,"passes reporting threshold","Joint test over event times -5;-4;-3;-2.","02_analysis/output/audit/local_match_v2_1993_amendment/P6_ESTIMATION_PRIMARY/p6_joint_pretrend_tests.csv","02_analysis/R/19c_run_lmv2_p6_estimation.R"
"Identification diagnostic","Local Match joint pretreatment test","Pre-deal target-inventor cohort",1993,2010,"fwd_cits5_scaled",NA,NA,NA,0.287580003820166,"passes reporting threshold","Joint test over event times -5;-4;-3;-2.","02_analysis/output/audit/local_match_v2_1993_amendment/P6_ESTIMATION_PRIMARY/p6_joint_pretrend_tests.csv","02_analysis/R/19c_run_lmv2_p6_estimation.R"
"Initially retained","Initially retained matched ATT, t=+1,...,+5","Initially retained inventors",1993,2010,"patent_count",-0.0959086262287739,-0.209792384128735,0.022021690900987,0.103210321032103,"selected-population result","Report with the positive-selection diagnostic and outcome-specific pretrend test.","02_analysis/output/audit/local_match_v2_1993_amendment/RESULT_SUMMARY/stayer_1993_headline.csv","02_analysis/R/28b_run_lmv2_p5b_s4_estimation.R"
"Initially retained","Initially retained matched ATT, t=+1,...,+5","Initially retained inventors",1993,2010,"active_patenting",-0.0114454642845572,-0.0428314249420188,0.0214619695080946,0.482148214821482,"selected-population result","Report with the positive-selection diagnostic and outcome-specific pretrend test.","02_analysis/output/audit/local_match_v2_1993_amendment/RESULT_SUMMARY/stayer_1993_headline.csv","02_analysis/R/28b_run_lmv2_p5b_s4_estimation.R"
"Initially retained","Initially retained matched ATT, t=+1,...,+5","Initially retained inventors",1993,2010,"tech_drift",0.00408015657061435,-0.021627493782884,0.0288829401265934,0.738973897389739,"selected-population result","Report with the positive-selection diagnostic and outcome-specific pretrend test.","02_analysis/output/audit/local_match_v2_1993_amendment/RESULT_SUMMARY/stayer_1993_headline.csv","02_analysis/R/30_run_lmv2_p5b_secondary_outcomes.R"
"Initially retained","Initially retained matched ATT, t=+1,...,+5","Initially retained inventors",1993,2010,"pqii_scaled",-0.0411897379046327,-0.089123293651629,0.00764533029879779,0.0944094409440944,"selected-population result","Report with the positive-selection diagnostic and outcome-specific pretrend test.","02_analysis/output/audit/local_match_v2_1993_amendment/RESULT_SUMMARY/stayer_1993_headline.csv","02_analysis/R/30_run_lmv2_p5b_secondary_outcomes.R"
"Initially retained","Initially retained matched ATT, t=+1,...,+5","Initially retained inventors",1993,2010,"pqii_observed",-0.0281733388529984,-0.0603346509071822,0.00354555101825131,0.0846084608460846,"selected-population result","Report with the positive-selection diagnostic and outcome-specific pretrend test.","02_analysis/output/audit/local_match_v2_1993_amendment/RESULT_SUMMARY/stayer_1993_headline.csv","02_analysis/R/30_run_lmv2_p5b_secondary_outcomes.R"
"Initially retained","Initially retained matched ATT, t=+1,...,+5","Initially retained inventors",1993,2010,"pqii_conditional_mean",-0.00758439984584239,-0.0333994084409921,0.0172921595777917,0.53955395539554,"selected-population result","Report with the positive-selection diagnostic and outcome-specific pretrend test.","02_analysis/output/audit/local_match_v2_1993_amendment/RESULT_SUMMARY/stayer_1993_headline.csv","02_analysis/R/30_run_lmv2_p5b_secondary_outcomes.R"
"Initially retained","Initially retained matched ATT, t=+1,...,+5","Initially retained inventors",1993,2010,"fwcit5w_cassi_total",0.147889132904824,-0.0182293256327064,0.316943435096761,0.0797079707970797,"selected-population result","Report with the positive-selection diagnostic and outcome-specific pretrend test.","02_analysis/output/audit/local_match_v2_1993_amendment/RESULT_SUMMARY/stayer_1993_headline.csv","02_analysis/R/30_run_lmv2_p5b_secondary_outcomes.R"
"Initially retained","Initially retained matched ATT, t=+1,...,+5","Initially retained inventors",1993,2010,"fwcit5w_cassi_per_patent",0.241799911235222,0.0690413249091024,0.421078778722699,0.0048004800480048,"selected-population result","Report with the positive-selection diagnostic and outcome-specific pretrend test.","02_analysis/output/audit/local_match_v2_1993_amendment/RESULT_SUMMARY/stayer_1993_headline.csv","02_analysis/R/30_run_lmv2_p5b_secondary_outcomes.R"
"Robustness","Alternative post window, t=+1,...,+3","Pre-deal target-inventor cohort",1993,2010,"patent_count",-0.0517966462186518,-0.0915743374178742,-0.013115464648109,0.0097009700970097,"completed","Alternative-window robustness.","02_analysis/output/audit/local_match_v2_1993_amendment/P6_SHORT_WINDOW_T1_T3/short_window_headline.csv","02_analysis/R/52_run_lmv2_short_window.R"
"Robustness","Alternative post window, t=+1,...,+3","Pre-deal target-inventor cohort",1993,2010,"patent_count",-0.155389938655955,-0.274723012253623,-0.039346393944327,0.0097009700970097,"completed","Alternative-window robustness.","02_analysis/output/audit/local_match_v2_1993_amendment/P6_SHORT_WINDOW_T1_T3/short_window_headline.csv","02_analysis/R/52_run_lmv2_short_window.R"
"Robustness","Alternative post window, t=+1,...,+3","Pre-deal target-inventor cohort",1993,2010,"active_patenting",-0.0141478993613825,-0.0378575052911153,0.00912110605320802,0.218121812181218,"completed","Alternative-window robustness.","02_analysis/output/audit/local_match_v2_1993_amendment/P6_SHORT_WINDOW_T1_T3/short_window_headline.csv","02_analysis/R/52_run_lmv2_short_window.R"
"Robustness","Alternative post window, t=+1,...,+3","Pre-deal target-inventor cohort",1993,2010,"active_patenting",-0.0424436980841474,-0.113572515873346,0.0273633181596241,0.218121812181218,"completed","Alternative-window robustness.","02_analysis/output/audit/local_match_v2_1993_amendment/P6_SHORT_WINDOW_T1_T3/short_window_headline.csv","02_analysis/R/52_run_lmv2_short_window.R"
"Robustness","Alternative post window, t=+1,...,+3","Pre-deal target-inventor cohort",1993,2010,"tech_drift",0.000944927010795411,-0.0292117641428454,0.0308639497014342,0.947494749474947,"completed","Alternative-window robustness.","02_analysis/output/audit/local_match_v2_1993_amendment/P6_SHORT_WINDOW_T1_T3/short_window_headline.csv","02_analysis/R/52_run_lmv2_short_window.R"
"Robustness","Alternative post window, t=+1,...,+3","Pre-deal target-inventor cohort",1993,2010,"tech_drift",0.00283478103238623,-0.0876352924285361,0.0925918491043025,0.947494749474947,"completed","Alternative-window robustness.","02_analysis/output/audit/local_match_v2_1993_amendment/P6_SHORT_WINDOW_T1_T3/short_window_headline.csv","02_analysis/R/52_run_lmv2_short_window.R"
"Robustness","Alternative post window, t=+1,...,+3","Pre-deal target-inventor cohort",1993,2010,"pqii_scaled",-0.00989229958414699,-0.0184847448961227,-0.00170899608567513,0.0195019501950195,"completed","Alternative-window robustness.","02_analysis/output/audit/local_match_v2_1993_amendment/P6_SHORT_WINDOW_T1_T3/short_window_headline.csv","02_analysis/R/52_run_lmv2_short_window.R"
"Robustness","Alternative post window, t=+1,...,+3","Pre-deal target-inventor cohort",1993,2010,"pqii_scaled",-0.029676898752441,-0.0554542346883681,-0.00512698825702539,0.0195019501950195,"completed","Alternative-window robustness.","02_analysis/output/audit/local_match_v2_1993_amendment/P6_SHORT_WINDOW_T1_T3/short_window_headline.csv","02_analysis/R/52_run_lmv2_short_window.R"
"Robustness","Alternative post window, t=+1,...,+3","Pre-deal target-inventor cohort",1993,2010,"fwd_cits5_scaled",-0.00737029753529944,-0.130846416919151,0.128637767071778,0.910591059105911,"completed","Alternative-window robustness.","02_analysis/output/audit/local_match_v2_1993_amendment/P6_SHORT_WINDOW_T1_T3/short_window_headline.csv","02_analysis/R/52_run_lmv2_short_window.R"
"Robustness","Alternative post window, t=+1,...,+3","Pre-deal target-inventor cohort",1993,2010,"fwd_cits5_scaled",-0.0221108926058983,-0.392539250757452,0.385913301215333,0.910591059105911,"completed","Alternative-window robustness.","02_analysis/output/audit/local_match_v2_1993_amendment/P6_SHORT_WINDOW_T1_T3/short_window_headline.csv","02_analysis/R/52_run_lmv2_short_window.R"
"Robustness","Treatment timing shifted three years early","Pre-deal target-inventor cohort",1993,2010,"patent_count",0.00635514875165786,-0.0406300368186021,0.0549391982112825,0.791379137913791,"completed","Valid pre-treatment placebo. A three-year late shift is not estimated because it uses truly treated years as pseudo-preperiods.","02_analysis/output/audit/local_match_v2_1993_amendment/TIMING_PLACEBO_EARLY3/timing_placebo_headline.csv","02_analysis/R/53_run_lmv2_timing_placebo.R"
"Robustness","Treatment timing shifted three years early","Pre-deal target-inventor cohort",1993,2010,"patent_count",0.0127102975033157,-0.0812600736372041,0.109878396422565,0.791379137913791,"completed","Valid pre-treatment placebo. A three-year late shift is not estimated because it uses truly treated years as pseudo-preperiods.","02_analysis/output/audit/local_match_v2_1993_amendment/TIMING_PLACEBO_EARLY3/timing_placebo_headline.csv","02_analysis/R/53_run_lmv2_timing_placebo.R"
"Robustness","Treatment timing shifted three years early","Pre-deal target-inventor cohort",1993,2010,"active_patenting",0.00832123470926863,-0.0192869449027262,0.0374253579566792,0.548254825482548,"completed","Valid pre-treatment placebo. A three-year late shift is not estimated because it uses truly treated years as pseudo-preperiods.","02_analysis/output/audit/local_match_v2_1993_amendment/TIMING_PLACEBO_EARLY3/timing_placebo_headline.csv","02_analysis/R/53_run_lmv2_timing_placebo.R"
"Robustness","Treatment timing shifted three years early","Pre-deal target-inventor cohort",1993,2010,"active_patenting",0.0166424694185373,-0.0385738898054525,0.0748507159133585,0.548254825482548,"completed","Valid pre-treatment placebo. A three-year late shift is not estimated because it uses truly treated years as pseudo-preperiods.","02_analysis/output/audit/local_match_v2_1993_amendment/TIMING_PLACEBO_EARLY3/timing_placebo_headline.csv","02_analysis/R/53_run_lmv2_timing_placebo.R"
"Co-equal identification","CS(2021), notyettreated, anticipation=0, post window 1:3","Pre-deal target-inventor cohort",1993,2010,"active_patenting",-0.312212347345446,-0.364290173315919,-0.260134521374972,0.0000000000000000000000000000000702707482879894,"qualified: pretrend rejected or unavailable","Companion estimator; pretreatment Wald p=0.0000.","02_analysis/output/audit/local_match_v2_1993_amendment/CS2021_1993_FINAL/cs2021_headline.csv","02_analysis/R/51_run_cs2021_1993.R"
"Co-equal identification","CS(2021), notyettreated, anticipation=0, post window 1:5","Pre-deal target-inventor cohort",1993,2010,"active_patenting",-0.361904563282636,-0.401713862006822,-0.32209526455845,0.0000000000000000000000000000000000000000000000000000000000000000000000509866107636252,"qualified: pretrend rejected or unavailable","Companion estimator; pretreatment Wald p=0.0000.","02_analysis/output/audit/local_match_v2_1993_amendment/CS2021_1993_FINAL/cs2021_headline.csv","02_analysis/R/51_run_cs2021_1993.R"
"Co-equal identification","CS(2021), notyettreated, anticipation=1, post window 1:3","Pre-deal target-inventor cohort",1993,2010,"active_patenting",-0.339912774340104,-0.390094005186339,-0.28973154349387,0.000000000000000000000000000000000000000317036721886569,"qualified: pretrend rejected or unavailable","Companion estimator; pretreatment Wald p=0.0000.","02_analysis/output/audit/local_match_v2_1993_amendment/CS2021_1993_FINAL/cs2021_headline.csv","02_analysis/R/51_run_cs2021_1993.R"
"Co-equal identification","CS(2021), notyettreated, anticipation=1, post window 1:5","Pre-deal target-inventor cohort",1993,2010,"active_patenting",-0.366405982494361,-0.404837862918217,-0.327974102070505,0.00000000000000000000000000000000000000000000000000000000000000000000000000000638112139752922,"qualified: pretrend rejected or unavailable","Companion estimator; pretreatment Wald p=0.0000.","02_analysis/output/audit/local_match_v2_1993_amendment/CS2021_1993_FINAL/cs2021_headline.csv","02_analysis/R/51_run_cs2021_1993.R"
"Co-equal identification","CS(2021), notyettreated, anticipation=0, post window 1:3","Pre-deal target-inventor cohort",1993,2010,"fwd_cits5_scaled",-0.150445939832144,-0.45461835279899,0.153726473134702,0.332330395440589,"qualified: pretrend rejected or unavailable","Companion estimator; pretreatment Wald p=0.0000.","02_analysis/output/audit/local_match_v2_1993_amendment/CS2021_1993_FINAL/cs2021_headline.csv","02_analysis/R/51_run_cs2021_1993.R"
"Co-equal identification","CS(2021), notyettreated, anticipation=0, post window 1:5","Pre-deal target-inventor cohort",1993,2010,"fwd_cits5_scaled",-0.181996372980254,-0.887598920521768,0.52360617456126,0.613177044667257,"qualified: pretrend rejected or unavailable","Companion estimator; pretreatment Wald p=0.0000.","02_analysis/output/audit/local_match_v2_1993_amendment/CS2021_1993_FINAL/cs2021_headline.csv","02_analysis/R/51_run_cs2021_1993.R"
"Co-equal identification","CS(2021), notyettreated, anticipation=1, post window 1:3","Pre-deal target-inventor cohort",1993,2010,"fwd_cits5_scaled",-0.30951492543135,-0.730581760101902,0.111551909239202,0.149657195097861,"qualified: pretrend rejected or unavailable","Companion estimator; pretreatment Wald p=0.0000.","02_analysis/output/audit/local_match_v2_1993_amendment/CS2021_1993_FINAL/cs2021_headline.csv","02_analysis/R/51_run_cs2021_1993.R"
"Co-equal identification","CS(2021), notyettreated, anticipation=1, post window 1:5","Pre-deal target-inventor cohort",1993,2010,"fwd_cits5_scaled",-0.35445525788238,-0.812581000958825,0.103670485194066,0.129401455177319,"qualified: pretrend rejected or unavailable","Companion estimator; pretreatment Wald p=0.0000.","02_analysis/output/audit/local_match_v2_1993_amendment/CS2021_1993_FINAL/cs2021_headline.csv","02_analysis/R/51_run_cs2021_1993.R"
"Co-equal identification","CS(2021), notyettreated, anticipation=0, post window 1:3","Pre-deal target-inventor cohort",1993,2010,"patent_count",-0.492946038035831,-0.576532606885335,-0.409359469186328,0.000000000000000000000000000000665054239791294,"qualified: pretrend rejected or unavailable","Companion estimator; pretreatment Wald p=0.0000.","02_analysis/output/audit/local_match_v2_1993_amendment/CS2021_1993_FINAL/cs2021_headline.csv","02_analysis/R/51_run_cs2021_1993.R"
"Co-equal identification","CS(2021), notyettreated, anticipation=0, post window 1:5","Pre-deal target-inventor cohort",1993,2010,"patent_count",-0.580094717449967,-0.676157469525516,-0.484031965374418,0.0000000000000000000000000000000254707752210366,"qualified: pretrend rejected or unavailable","Companion estimator; pretreatment Wald p=0.0000.","02_analysis/output/audit/local_match_v2_1993_amendment/CS2021_1993_FINAL/cs2021_headline.csv","02_analysis/R/51_run_cs2021_1993.R"
"Co-equal identification","CS(2021), notyettreated, anticipation=1, post window 1:3","Pre-deal target-inventor cohort",1993,2010,"patent_count",-0.547208630415508,-0.634967178534425,-0.45945008229659,0.000000000000000000000000000000000239048185156251,"qualified: pretrend rejected or unavailable","Companion estimator; pretreatment Wald p=0.0000.","02_analysis/output/audit/local_match_v2_1993_amendment/CS2021_1993_FINAL/cs2021_headline.csv","02_analysis/R/51_run_cs2021_1993.R"
"Co-equal identification","CS(2021), notyettreated, anticipation=1, post window 1:5","Pre-deal target-inventor cohort",1993,2010,"patent_count",-0.595014716100154,-0.670257827659313,-0.519771604540995,0.00000000000000000000000000000000000000000000000000000349729745659782,"qualified: pretrend rejected or unavailable","Companion estimator; pretreatment Wald p=0.0000.","02_analysis/output/audit/local_match_v2_1993_amendment/CS2021_1993_FINAL/cs2021_headline.csv","02_analysis/R/51_run_cs2021_1993.R"
"Co-equal identification","CS(2021), notyettreated, anticipation=0, post window 1:3","Pre-deal target-inventor cohort",1993,2010,"pqii_scaled",-0.0759245935123683,-0.0985908020748646,-0.053258384949872,0.0000000000519013970526573,"qualified: pretrend rejected or unavailable","Companion estimator; pretreatment Wald p=0.0000.","02_analysis/output/audit/local_match_v2_1993_amendment/CS2021_1993_FINAL/cs2021_headline.csv","02_analysis/R/51_run_cs2021_1993.R"
"Co-equal identification","CS(2021), notyettreated, anticipation=0, post window 1:5","Pre-deal target-inventor cohort",1993,2010,"pqii_scaled",-0.0930683151748656,-0.115877798146744,-0.0702588322029873,0.00000000000000127194334585853,"qualified: pretrend rejected or unavailable","Companion estimator; pretreatment Wald p=0.0000.","02_analysis/output/audit/local_match_v2_1993_amendment/CS2021_1993_FINAL/cs2021_headline.csv","02_analysis/R/51_run_cs2021_1993.R"
"Co-equal identification","CS(2021), notyettreated, anticipation=1, post window 1:3","Pre-deal target-inventor cohort",1993,2010,"pqii_scaled",-0.106685223235578,-0.128671536533902,-0.0846989099372532,0.0000000000000000000018956544948723,"qualified: pretrend rejected or unavailable","Companion estimator; pretreatment Wald p=0.0000.","02_analysis/output/audit/local_match_v2_1993_amendment/CS2021_1993_FINAL/cs2021_headline.csv","02_analysis/R/51_run_cs2021_1993.R"
"Co-equal identification","CS(2021), notyettreated, anticipation=1, post window 1:5","Pre-deal target-inventor cohort",1993,2010,"pqii_scaled",-0.114259803491815,-0.138734790022708,-0.0897848169609213,0.0000000000000000000568670902903627,"qualified: pretrend rejected or unavailable","Companion estimator; pretreatment Wald p=0.0000.","02_analysis/output/audit/local_match_v2_1993_amendment/CS2021_1993_FINAL/cs2021_headline.csv","02_analysis/R/51_run_cs2021_1993.R"
"Co-equal identification","CS(2021), notyettreated, anticipation=0, post window 1:3","Pre-deal target-inventor cohort",1993,2010,"tech_drift",0.454541269511521,0.307508454565723,0.601574084457319,0.0000000013680220251411,"qualified: pretrend rejected or unavailable","Companion estimator; pretreatment Wald p=   NA.","02_analysis/output/audit/local_match_v2_1993_amendment/CS2021_1993_FINAL/cs2021_headline.csv","02_analysis/R/51_run_cs2021_1993.R"
"Co-equal identification","CS(2021), notyettreated, anticipation=0, post window 1:5","Pre-deal target-inventor cohort",1993,2010,"tech_drift",0.454541269511521,0.302417795073429,0.606664743949613,0.0000000047291513616068,"qualified: pretrend rejected or unavailable","Companion estimator; pretreatment Wald p=   NA.","02_analysis/output/audit/local_match_v2_1993_amendment/CS2021_1993_FINAL/cs2021_headline.csv","02_analysis/R/51_run_cs2021_1993.R"
"Co-equal identification","CS(2021), notyettreated, anticipation=1, failed stage aggte_dynamic","Pre-deal target-inventor cohort",1993,2010,"tech_drift",NA,NA,NA,NA,"unavailable after attempted estimation","Do not impute or substitute this cell. Estimator message: Internal error: influence function column indices (1) exceed available columns (0). Please report this as a bug.","02_analysis/output/audit/local_match_v2_1993_amendment/CS2021_1993_FINAL/cs2021_failures.csv","02_analysis/R/51_run_cs2021_1993.R"
"Co-equal identification","CS(2021), nevertreated, anticipation=0, failed stage control_group_support","Pre-deal target-inventor cohort",1993,2010,"patent_count",NA,NA,NA,NA,"unavailable after attempted estimation","Do not impute or substitute this cell. The repaired CS spine contains zero g=0 never-treated units, so this comparison is not identified; the failed aggregation is a downstream symptom.","02_analysis/output/audit/local_match_v2_1993_amendment/CS2021_1993_NEVER/cs2021_failures.csv","02_analysis/R/51_run_cs2021_1993.R"
"Co-equal identification","CS(2021), nevertreated, anticipation=1, failed stage control_group_support","Pre-deal target-inventor cohort",1993,2010,"patent_count",NA,NA,NA,NA,"unavailable after attempted estimation","Do not impute or substitute this cell. The repaired CS spine contains zero g=0 never-treated units, so this comparison is not identified; the failed aggregation is a downstream symptom.","02_analysis/output/audit/local_match_v2_1993_amendment/CS2021_1993_NEVER/cs2021_failures.csv","02_analysis/R/51_run_cs2021_1993.R"
"Co-equal identification","CS(2021), nevertreated, anticipation=0, failed stage control_group_support","Pre-deal target-inventor cohort",1993,2010,"active_patenting",NA,NA,NA,NA,"unavailable after attempted estimation","Do not impute or substitute this cell. The repaired CS spine contains zero g=0 never-treated units, so this comparison is not identified; the failed aggregation is a downstream symptom.","02_analysis/output/audit/local_match_v2_1993_amendment/CS2021_1993_NEVER/cs2021_failures.csv","02_analysis/R/51_run_cs2021_1993.R"
"Co-equal identification","CS(2021), nevertreated, anticipation=1, failed stage control_group_support","Pre-deal target-inventor cohort",1993,2010,"active_patenting",NA,NA,NA,NA,"unavailable after attempted estimation","Do not impute or substitute this cell. The repaired CS spine contains zero g=0 never-treated units, so this comparison is not identified; the failed aggregation is a downstream symptom.","02_analysis/output/audit/local_match_v2_1993_amendment/CS2021_1993_NEVER/cs2021_failures.csv","02_analysis/R/51_run_cs2021_1993.R"
"Co-equal identification","CS(2021), nevertreated, anticipation=0, failed stage control_group_support","Pre-deal target-inventor cohort",1993,2010,"pqii_scaled",NA,NA,NA,NA,"unavailable after attempted estimation","Do not impute or substitute this cell. The repaired CS spine contains zero g=0 never-treated units, so this comparison is not identified; the failed aggregation is a downstream symptom.","02_analysis/output/audit/local_match_v2_1993_amendment/CS2021_1993_NEVER/cs2021_failures.csv","02_analysis/R/51_run_cs2021_1993.R"
"Co-equal identification","CS(2021), nevertreated, anticipation=1, failed stage control_group_support","Pre-deal target-inventor cohort",1993,2010,"pqii_scaled",NA,NA,NA,NA,"unavailable after attempted estimation","Do not impute or substitute this cell. The repaired CS spine contains zero g=0 never-treated units, so this comparison is not identified; the failed aggregation is a downstream symptom.","02_analysis/output/audit/local_match_v2_1993_amendment/CS2021_1993_NEVER/cs2021_failures.csv","02_analysis/R/51_run_cs2021_1993.R"
"Co-equal identification","CS(2021), nevertreated, anticipation=0, failed stage control_group_support","Pre-deal target-inventor cohort",1993,2010,"fwd_cits5_scaled",NA,NA,NA,NA,"unavailable after attempted estimation","Do not impute or substitute this cell. The repaired CS spine contains zero g=0 never-treated units, so this comparison is not identified; the failed aggregation is a downstream symptom.","02_analysis/output/audit/local_match_v2_1993_amendment/CS2021_1993_NEVER/cs2021_failures.csv","02_analysis/R/51_run_cs2021_1993.R"
"Co-equal identification","CS(2021), nevertreated, anticipation=1, failed stage control_group_support","Pre-deal target-inventor cohort",1993,2010,"fwd_cits5_scaled",NA,NA,NA,NA,"unavailable after attempted estimation","Do not impute or substitute this cell. The repaired CS spine contains zero g=0 never-treated units, so this comparison is not identified; the failed aggregation is a downstream symptom.","02_analysis/output/audit/local_match_v2_1993_amendment/CS2021_1993_NEVER/cs2021_failures.csv","02_analysis/R/51_run_cs2021_1993.R"
"Co-equal identification","CS(2021), nevertreated, anticipation=0, failed stage control_group_support","Pre-deal target-inventor cohort",1993,2010,"tech_drift",NA,NA,NA,NA,"unavailable after attempted estimation","Do not impute or substitute this cell. The repaired CS spine contains zero g=0 never-treated units, so this comparison is not identified; the failed aggregation is a downstream symptom.","02_analysis/output/audit/local_match_v2_1993_amendment/CS2021_1993_NEVER/cs2021_failures.csv","02_analysis/R/51_run_cs2021_1993.R"
"Co-equal identification","CS(2021), nevertreated, anticipation=1, failed stage control_group_support","Pre-deal target-inventor cohort",1993,2010,"tech_drift",NA,NA,NA,NA,"unavailable after attempted estimation","Do not impute or substitute this cell. The repaired CS spine contains zero g=0 never-treated units, so this comparison is not identified; the failed aggregation is a downstream symptom.","02_analysis/output/audit/local_match_v2_1993_amendment/CS2021_1993_NEVER/cs2021_failures.csv","02_analysis/R/51_run_cs2021_1993.R"
"Decomposition","Three-factor patent-count accounting decomposition","Pre-deal target-inventor cohort",1993,2010,"cessation",-0.032393022439392,NA,NA,NA,"accounting component","Share of total patent-count effect: 62.2%.","02_analysis/output/audit/local_match_v2_1993_amendment/P8_EXIT_DECOMPOSITION/exit_decomposition_components.csv","02_analysis/R/36c_estimate_lmv2_exit_decomposition.R"
"Decomposition","Three-factor patent-count accounting decomposition","Pre-deal target-inventor cohort",1993,2010,"active_given_survival",-0.00508447061391359,NA,NA,NA,"accounting component","Share of total patent-count effect: 9.8%.","02_analysis/output/audit/local_match_v2_1993_amendment/P8_EXIT_DECOMPOSITION/exit_decomposition_components.csv","02_analysis/R/36c_estimate_lmv2_exit_decomposition.R"
"Decomposition","Three-factor patent-count accounting decomposition","Pre-deal target-inventor cohort",1993,2010,"patents_per_active_year",-0.0145828155596728,NA,NA,NA,"accounting component","Share of total patent-count effect: 28.0%.","02_analysis/output/audit/local_match_v2_1993_amendment/P8_EXIT_DECOMPOSITION/exit_decomposition_components.csv","02_analysis/R/36c_estimate_lmv2_exit_decomposition.R"
"Decomposition","Three-factor patent-count accounting decomposition","Pre-deal target-inventor cohort",1993,2010,"total",-0.0520603086129783,-0.0847596165954391,-0.0193610006305176,NA,"completed","Share of total patent-count effect: 100.0%.","02_analysis/output/audit/local_match_v2_1993_amendment/P8_EXIT_DECOMPOSITION/exit_decomposition_components.csv","02_analysis/R/36c_estimate_lmv2_exit_decomposition.R"
"Decomposition","Full-cohort two-factor Shapley decomposition","Pre-deal target-inventor cohort",1993,2010,"extensive_active_patenting",-0.0380147385138818,NA,NA,NA,"accounting decomposition","Order-invariant Shapley contribution of the active-patenting margin. Share: 73.0%.","02_analysis/output/audit/local_match_v2_1993_amendment/FINAL_THESIS_RELEASE_1993/fullcohort_extensive_intensive_decomposition.csv","02_analysis/R/58_build_final_thesis_release_1993.R"
"Decomposition","Full-cohort two-factor Shapley decomposition","Pre-deal target-inventor cohort",1993,2010,"intensive_patents_per_active_year",-0.0140455748763072,NA,NA,NA,"accounting decomposition","Order-invariant Shapley contribution of patents per active inventor-year; descriptive conditioning on post-treatment activity. Share: 27.0%.","02_analysis/output/audit/local_match_v2_1993_amendment/FINAL_THESIS_RELEASE_1993/fullcohort_extensive_intensive_decomposition.csv","02_analysis/R/58_build_final_thesis_release_1993.R"
"Decomposition","Full-cohort two-factor Shapley decomposition","Pre-deal target-inventor cohort",1993,2010,"total",-0.052060313390189,NA,NA,NA,"accounting decomposition","Certified full-cohort patent-count ATT. Share: 100.0%.","02_analysis/output/audit/local_match_v2_1993_amendment/FINAL_THESIS_RELEASE_1993/fullcohort_extensive_intensive_decomposition.csv","02_analysis/R/58_build_final_thesis_release_1993.R"
"Decomposition","Retained two-factor Shapley decomposition","Initially retained inventors",1993,2010,"extensive_active_patenting",-0.0255709255389168,NA,NA,NA,"accounting decomposition","Order-invariant Shapley contribution of the active-patenting margin. Share: 26.7%.","02_analysis/output/audit/local_match_v2_1993_amendment/FINAL_THESIS_RELEASE_1993/retained_extensive_intensive_decomposition.csv","02_analysis/R/58_build_final_thesis_release_1993.R"
"Decomposition","Retained two-factor Shapley decomposition","Initially retained inventors",1993,2010,"intensive_patents_per_active_year",-0.0703377006898571,NA,NA,NA,"accounting decomposition","Order-invariant Shapley contribution of patents per active inventor-year; descriptive conditioning on post-treatment activity. Share: 73.3%.","02_analysis/output/audit/local_match_v2_1993_amendment/FINAL_THESIS_RELEASE_1993/retained_extensive_intensive_decomposition.csv","02_analysis/R/58_build_final_thesis_release_1993.R"
"Decomposition","Retained two-factor Shapley decomposition","Initially retained inventors",1993,2010,"total",-0.0959086262287739,NA,NA,NA,"accounting decomposition","Certified initially retained patent-count ATT. Share: 100.0%.","02_analysis/output/audit/local_match_v2_1993_amendment/FINAL_THESIS_RELEASE_1993/retained_extensive_intensive_decomposition.csv","02_analysis/R/58_build_final_thesis_release_1993.R"
"Mechanism diagnostic","TechDrift-quality within-retained association","Initially retained inventor-years",1993,2010,"pqii_conditional_mean",0.0086342247249951,-0.0105659921983486,0.0278344416483388,0.375331526875403,"association only","Deal- and event-time-FE association; not an ATT.","02_analysis/output/audit/local_match_v2_1993_amendment/MECHANISM_SELECTION_DIAGNOSTICS/techdrift_quality_association.csv","02_analysis/R/54_run_lmv2_mechanism_selection.R"
"Mechanism diagnostic","TechDrift-quality within-retained association","Initially retained inventor-years",1993,2010,"pqii_scaled",-0.283006508181045,-0.42587339613028,-0.140139620231809,0.000142374547714815,"association only","Deal- and event-time-FE association; not an ATT.","02_analysis/output/audit/local_match_v2_1993_amendment/MECHANISM_SELECTION_DIAGNOSTICS/techdrift_quality_association.csv","02_analysis/R/54_run_lmv2_mechanism_selection.R"
"Classification diagnostic","T_NO_POST_5Y career-age comparison","Retained, leaver, and no-post classifications",1993,2010,NA,NA,NA,NA,NA,"completed","No-post inventors are younger on average; the management-transition explanation is not supported.","02_analysis/output/audit/local_match_v2_1993_amendment/MECHANISM_SELECTION_DIAGNOSTICS/management_transition_summary.csv","02_analysis/R/54_run_lmv2_mechanism_selection.R"
"DealSim","Exploratory DealSim tercile: low","Deals with non-placeholder acquirer portfolio",1993,2010,"patent_count",0.00863960870539983,-0.0402327606443023,0.057511978055102,NA,"exploratory after failed prospective power gate","Appendix/descriptive only; no confirmatory p-value and no inverted-U claim.","02_analysis/output/audit/local_match_v2_1993_amendment/DEALSIM_EXPLORATORY_POSTGATE/dealsim_tercile_exploratory.csv","02_analysis/R/55_run_dealsim_exploratory.R"
"DealSim","Exploratory DealSim tercile: middle","Deals with non-placeholder acquirer portfolio",1993,2010,"patent_count",-0.0158830424682651,-0.0659785063270764,0.0342124213905461,NA,"exploratory after failed prospective power gate","Appendix/descriptive only; no confirmatory p-value and no inverted-U claim.","02_analysis/output/audit/local_match_v2_1993_amendment/DEALSIM_EXPLORATORY_POSTGATE/dealsim_tercile_exploratory.csv","02_analysis/R/55_run_dealsim_exploratory.R"
"DealSim","Exploratory DealSim tercile: high","Deals with non-placeholder acquirer portfolio",1993,2010,"patent_count",-0.0228600151790732,-0.0630052274303426,0.0172851970721962,NA,"exploratory after failed prospective power gate","Appendix/descriptive only; no confirmatory p-value and no inverted-U claim.","02_analysis/output/audit/local_match_v2_1993_amendment/DEALSIM_EXPLORATORY_POSTGATE/dealsim_tercile_exploratory.csv","02_analysis/R/55_run_dealsim_exploratory.R"
"DealSim","Exploratory DealSim tercile: low","Deals with non-placeholder acquirer portfolio",1993,2010,"pqii_scaled",0.000655908890204054,-0.0149920585704255,0.0163038763508336,NA,"exploratory after failed prospective power gate","Appendix/descriptive only; no confirmatory p-value and no inverted-U claim.","02_analysis/output/audit/local_match_v2_1993_amendment/DEALSIM_EXPLORATORY_POSTGATE/dealsim_tercile_exploratory.csv","02_analysis/R/55_run_dealsim_exploratory.R"
"DealSim","Exploratory DealSim tercile: middle","Deals with non-placeholder acquirer portfolio",1993,2010,"pqii_scaled",-0.0110759953966245,-0.0317721295277898,0.00962013873454089,NA,"exploratory after failed prospective power gate","Appendix/descriptive only; no confirmatory p-value and no inverted-U claim.","02_analysis/output/audit/local_match_v2_1993_amendment/DEALSIM_EXPLORATORY_POSTGATE/dealsim_tercile_exploratory.csv","02_analysis/R/55_run_dealsim_exploratory.R"
"DealSim","Exploratory DealSim tercile: high","Deals with non-placeholder acquirer portfolio",1993,2010,"pqii_scaled",-0.0136413835326986,-0.0255848428546458,-0.00169792421075144,NA,"exploratory after failed prospective power gate","Appendix/descriptive only; no confirmatory p-value and no inverted-U claim.","02_analysis/output/audit/local_match_v2_1993_amendment/DEALSIM_EXPLORATORY_POSTGATE/dealsim_tercile_exploratory.csv","02_analysis/R/55_run_dealsim_exploratory.R"
"Team disruption","Persistent pre-deal tie support census","Treated and control focal inventors",1993,2010,NA,NA,NA,NA,NA,"original support gate failed","Preserve the original Path-Q rule and its strict-tie census.","02_analysis/output/audit/local_match_v2_1993_amendment/NETWORK_N0_CENSUS/network_n0_path_decision.csv","02_analysis/R/56_run_lmv2_network_census.R"
"Team disruption","Partner focal-organization persistence, t=-2","Strict-tie full pre-deal target-inventor cohort",1993,2010,"partner_focal_persistence_share",-0.0227352106415256,-0.0721773814863531,0.0267069602033018,0.3671,"validation gate failed","Held-out pre-period diagnostic only; no post-treatment network effect is estimated.","02_analysis/output/audit/local_match_v2_1993_amendment/NETWORK_N1_VALIDATION/network_validation_leads.csv","02_analysis/R/61_run_lmv2_network_n1.R"
"Team disruption","Partner focal-organization persistence, t=-1","Strict-tie full pre-deal target-inventor cohort",1993,2010,"partner_focal_persistence_share",-0.105255510241402,-0.150780963927506,-0.0597300565552975,0.0001,"validation gate failed","Held-out pre-period diagnostic only; no post-treatment network effect is estimated.","02_analysis/output/audit/local_match_v2_1993_amendment/NETWORK_N1_VALIDATION/network_validation_leads.csv","02_analysis/R/61_run_lmv2_network_n1.R"
"Team disruption","Network N1 release decision","Strict-tie full pre-deal target-inventor cohort",1993,2010,NA,NA,NA,NA,NA,"failed validation and precision gate","Path F closes causal N2 estimation; the later positive-event package is descriptive accounting only.","02_analysis/output/audit/local_match_v2_1993_amendment/NETWORK_N1_VALIDATION/network_n1_path_decision.csv","02_analysis/R/61_run_lmv2_network_n1.R"
"Team disruption","Initially retained strict-tie support census","Initially retained inventors and symmetric controls",1993,2010,NA,NA,NA,NA,NA,"blocked after failed full-cohort N1 gate","Report support only; do not estimate a selected-group post-treatment network effect.","02_analysis/output/audit/local_match_v2_1993_amendment/NETWORK_N3_RETAINED_SUPPORT/retained_network_release_decision.csv","02_analysis/R/63_census_lmv2_retained_network_support.R"
"Team disruption: descriptive","Retained network accounting: any_post_patent","All initially retained treated inventors",1993,2010,"any_post_patent",1,NA,NA,NA,"descriptive_selected_population_no_causal_ATT","Selected-population description over event times +1 through +5; denominator: all. No causal acquisition effect or p-value.","02_analysis/output/audit/local_match_v2_1993_amendment/NETWORK_N4_DESCRIPTIVE/network_retained_descriptive_summary.csv","02_analysis/R/64_build_lmv2_network_descriptive.R"
"Team disruption: descriptive","Retained network accounting: any_post_collaboration","All initially retained treated inventors",1993,2010,"any_post_collaboration",0.98352435530086,NA,NA,NA,"descriptive_selected_population_no_causal_ATT","Selected-population description over event times +1 through +5; denominator: all. No causal acquisition effect or p-value.","02_analysis/output/audit/local_match_v2_1993_amendment/NETWORK_N4_DESCRIPTIVE/network_retained_descriptive_summary.csv","02_analysis/R/64_build_lmv2_network_descriptive.R"
"Team disruption: descriptive","Retained network accounting: post_collaborators","All initially retained treated inventors",1993,2010,"post_collaborators",11.0120174799709,NA,NA,NA,"descriptive_selected_population_no_causal_ATT","Selected-population description over event times +1 through +5; denominator: any_post_collaboration. No causal acquisition effect or p-value.","02_analysis/output/audit/local_match_v2_1993_amendment/NETWORK_N4_DESCRIPTIVE/network_retained_descriptive_summary.csv","02_analysis/R/64_build_lmv2_network_descriptive.R"
"Team disruption: descriptive","Retained network accounting: any_legacy_recurrence","Initially retained treated inventors with strict persistent ties",1993,2010,"any_legacy_recurrence",0.545296167247387,NA,NA,NA,"descriptive_selected_population_no_causal_ATT","Selected-population description over event times +1 through +5; denominator: strict. No causal acquisition effect or p-value.","02_analysis/output/audit/local_match_v2_1993_amendment/NETWORK_N4_DESCRIPTIVE/network_retained_descriptive_summary.csv","02_analysis/R/64_build_lmv2_network_descriptive.R"
"Team disruption: descriptive","Retained network accounting: legacy_recurrence_share","Initially retained treated inventors with strict persistent ties",1993,2010,"legacy_recurrence_share",0.318691766888119,NA,NA,NA,"descriptive_selected_population_no_causal_ATT","Selected-population description over event times +1 through +5; denominator: strict. No causal acquisition effect or p-value.","02_analysis/output/audit/local_match_v2_1993_amendment/NETWORK_N4_DESCRIPTIVE/network_retained_descriptive_summary.csv","02_analysis/R/64_build_lmv2_network_descriptive.R"
"Team disruption: descriptive","Retained network accounting: legacy_focal_group_share","Initially retained treated inventors with strict persistent ties",1993,2010,"legacy_focal_group_share",0.551173224136434,NA,NA,NA,"descriptive_selected_population_no_causal_ATT","Selected-population description over event times +1 through +5; denominator: strict. No causal acquisition effect or p-value.","02_analysis/output/audit/local_match_v2_1993_amendment/NETWORK_N4_DESCRIPTIVE/network_retained_descriptive_summary.csv","02_analysis/R/64_build_lmv2_network_descriptive.R"
"Team disruption: descriptive","Retained network accounting: legacy_outside_only_share","Initially retained treated inventors with strict persistent ties",1993,2010,"legacy_outside_only_share",0.0789388669460082,NA,NA,NA,"descriptive_selected_population_no_causal_ATT","Selected-population description over event times +1 through +5; denominator: strict. No causal acquisition effect or p-value.","02_analysis/output/audit/local_match_v2_1993_amendment/NETWORK_N4_DESCRIPTIVE/network_retained_descriptive_summary.csv","02_analysis/R/64_build_lmv2_network_descriptive.R"
"Team disruption: descriptive","Retained network accounting: legacy_no_post_patent_share","Initially retained treated inventors with strict persistent ties",1993,2010,"legacy_no_post_patent_share",0.369887908917558,NA,NA,NA,"descriptive_selected_population_no_causal_ATT","Selected-population description over event times +1 through +5; denominator: strict. No causal acquisition effect or p-value.","02_analysis/output/audit/local_match_v2_1993_amendment/NETWORK_N4_DESCRIPTIVE/network_retained_descriptive_summary.csv","02_analysis/R/64_build_lmv2_network_descriptive.R"
"Team disruption: descriptive","Retained network accounting: post_collaborators","Initially retained treated inventors with strict persistent ties",1993,2010,"post_collaborators",13.8430335097002,NA,NA,NA,"descriptive_selected_population_no_causal_ATT","Selected-population description over event times +1 through +5; denominator: strict_and_any_post_collaboration. No causal acquisition effect or p-value.","02_analysis/output/audit/local_match_v2_1993_amendment/NETWORK_N4_DESCRIPTIVE/network_retained_descriptive_summary.csv","02_analysis/R/64_build_lmv2_network_descriptive.R"
"Team disruption: descriptive","Retained network accounting: legacy_share_post_team","Initially retained treated inventors with strict persistent ties",1993,2010,"legacy_share_post_team",0.104334260973378,NA,NA,NA,"descriptive_selected_population_no_causal_ATT","Selected-population description over event times +1 through +5; denominator: strict_and_any_post_collaboration. No causal acquisition effect or p-value.","02_analysis/output/audit/local_match_v2_1993_amendment/NETWORK_N4_DESCRIPTIVE/network_retained_descriptive_summary.csv","02_analysis/R/64_build_lmv2_network_descriptive.R"
"Team disruption: descriptive","Retained network accounting: new_post_focal_group_share","Initially retained treated inventors with strict persistent ties",1993,2010,"new_post_focal_group_share",0.916059369164468,NA,NA,NA,"descriptive_selected_population_no_causal_ATT","Selected-population description over event times +1 through +5; denominator: strict_and_any_new_collaborator. No causal acquisition effect or p-value.","02_analysis/output/audit/local_match_v2_1993_amendment/NETWORK_N4_DESCRIPTIVE/network_retained_descriptive_summary.csv","02_analysis/R/64_build_lmv2_network_descriptive.R"
"Team disruption: descriptive","Retained network accounting: new_pre_target_group_share","Initially retained treated inventors with strict persistent ties",1993,2010,"new_pre_target_group_share",0,NA,NA,NA,"descriptive_selected_population_no_causal_ATT","Selected-population description over event times +1 through +5; denominator: strict_and_any_new_collaborator. No causal acquisition effect or p-value.","02_analysis/output/audit/local_match_v2_1993_amendment/NETWORK_N4_DESCRIPTIVE/network_retained_descriptive_summary.csv","02_analysis/R/64_build_lmv2_network_descriptive.R"
"Team disruption: descriptive","Retained network accounting: new_other_share","Initially retained treated inventors with strict persistent ties",1993,2010,"new_other_share",0.0839406308355319,NA,NA,NA,"descriptive_selected_population_no_causal_ATT","Selected-population description over event times +1 through +5; denominator: strict_and_any_new_collaborator. No causal acquisition effect or p-value.","02_analysis/output/audit/local_match_v2_1993_amendment/NETWORK_N4_DESCRIPTIVE/network_retained_descriptive_summary.csv","02_analysis/R/64_build_lmv2_network_descriptive.R"
"Team disruption: descriptive benchmark","Pooled partner focal-organization level: post_p1_p2, control","Strict-tie full pre-deal target-inventor cohort",1993,2010,"partner_focal_persistence_rate",0.221462873795129,NA,NA,NA,"descriptive_level_not_a_causal_effect","Arm-window level only (full_cohort); do not difference or interpret causally.","02_analysis/output/audit/local_match_v2_1993_amendment/NETWORK_N4_DESCRIPTIVE/network_pooled_descriptive_levels.csv","02_analysis/R/64_build_lmv2_network_descriptive.R"
"Team disruption: descriptive benchmark","Pooled partner focal-organization level: post_p1_p2, control","Strict-tie initially retained population",1993,2010,"partner_focal_persistence_rate",0.381946508490407,NA,NA,NA,"descriptive_level_not_a_causal_effect","Arm-window level only (initially_retained); do not difference or interpret causally.","02_analysis/output/audit/local_match_v2_1993_amendment/NETWORK_N4_DESCRIPTIVE/network_pooled_descriptive_levels.csv","02_analysis/R/64_build_lmv2_network_descriptive.R"
"Team disruption: descriptive benchmark","Pooled partner focal-organization level: post_p1_p2, treated","Strict-tie full pre-deal target-inventor cohort",1993,2010,"partner_focal_persistence_rate",0.165373775625259,NA,NA,NA,"descriptive_level_not_a_causal_effect","Arm-window level only (full_cohort); do not difference or interpret causally.","02_analysis/output/audit/local_match_v2_1993_amendment/NETWORK_N4_DESCRIPTIVE/network_pooled_descriptive_levels.csv","02_analysis/R/64_build_lmv2_network_descriptive.R"
"Team disruption: descriptive benchmark","Pooled partner focal-organization level: post_p1_p2, treated","Strict-tie initially retained population",1993,2010,"partner_focal_persistence_rate",0.351062967400844,NA,NA,NA,"descriptive_level_not_a_causal_effect","Arm-window level only (initially_retained); do not difference or interpret causally.","02_analysis/output/audit/local_match_v2_1993_amendment/NETWORK_N4_DESCRIPTIVE/network_pooled_descriptive_levels.csv","02_analysis/R/64_build_lmv2_network_descriptive.R"
"Team disruption: descriptive benchmark","Pooled partner focal-organization level: post_p1_p5, control","Strict-tie full pre-deal target-inventor cohort",1993,2010,"partner_focal_persistence_rate",0.176441415401415,NA,NA,NA,"descriptive_level_not_a_causal_effect","Arm-window level only (full_cohort); do not difference or interpret causally.","02_analysis/output/audit/local_match_v2_1993_amendment/NETWORK_N4_DESCRIPTIVE/network_pooled_descriptive_levels.csv","02_analysis/R/64_build_lmv2_network_descriptive.R"
"Team disruption: descriptive benchmark","Pooled partner focal-organization level: post_p1_p5, control","Strict-tie initially retained population",1993,2010,"partner_focal_persistence_rate",0.305570609417569,NA,NA,NA,"descriptive_level_not_a_causal_effect","Arm-window level only (initially_retained); do not difference or interpret causally.","02_analysis/output/audit/local_match_v2_1993_amendment/NETWORK_N4_DESCRIPTIVE/network_pooled_descriptive_levels.csv","02_analysis/R/64_build_lmv2_network_descriptive.R"
"Team disruption: descriptive benchmark","Pooled partner focal-organization level: post_p1_p5, treated","Strict-tie full pre-deal target-inventor cohort",1993,2010,"partner_focal_persistence_rate",0.117845506447081,NA,NA,NA,"descriptive_level_not_a_causal_effect","Arm-window level only (full_cohort); do not difference or interpret causally.","02_analysis/output/audit/local_match_v2_1993_amendment/NETWORK_N4_DESCRIPTIVE/network_pooled_descriptive_levels.csv","02_analysis/R/64_build_lmv2_network_descriptive.R"
"Team disruption: descriptive benchmark","Pooled partner focal-organization level: post_p1_p5, treated","Strict-tie initially retained population",1993,2010,"partner_focal_persistence_rate",0.253917852944805,NA,NA,NA,"descriptive_level_not_a_causal_effect","Arm-window level only (initially_retained); do not difference or interpret causally.","02_analysis/output/audit/local_match_v2_1993_amendment/NETWORK_N4_DESCRIPTIVE/network_pooled_descriptive_levels.csv","02_analysis/R/64_build_lmv2_network_descriptive.R"
"Team disruption: descriptive benchmark","Pooled partner focal-organization level: pre_m2_m1, control","Strict-tie full pre-deal target-inventor cohort",1993,2010,"partner_focal_persistence_rate",0.365267069837328,NA,NA,NA,"descriptive_level_not_a_causal_effect","Arm-window level only (full_cohort); do not difference or interpret causally.","02_analysis/output/audit/local_match_v2_1993_amendment/NETWORK_N4_DESCRIPTIVE/network_pooled_descriptive_levels.csv","02_analysis/R/64_build_lmv2_network_descriptive.R"
"Team disruption: descriptive benchmark","Pooled partner focal-organization level: pre_m2_m1, control","Strict-tie initially retained population",1993,2010,"partner_focal_persistence_rate",0.483946671022676,NA,NA,NA,"descriptive_level_not_a_causal_effect","Arm-window level only (initially_retained); do not difference or interpret causally.","02_analysis/output/audit/local_match_v2_1993_amendment/NETWORK_N4_DESCRIPTIVE/network_pooled_descriptive_levels.csv","02_analysis/R/64_build_lmv2_network_descriptive.R"
"Team disruption: descriptive benchmark","Pooled partner focal-organization level: pre_m2_m1, treated","Strict-tie full pre-deal target-inventor cohort",1993,2010,"partner_focal_persistence_rate",0.301271709395855,NA,NA,NA,"descriptive_level_not_a_causal_effect","Arm-window level only (full_cohort); do not difference or interpret causally.","02_analysis/output/audit/local_match_v2_1993_amendment/NETWORK_N4_DESCRIPTIVE/network_pooled_descriptive_levels.csv","02_analysis/R/64_build_lmv2_network_descriptive.R"
"Team disruption: descriptive benchmark","Pooled partner focal-organization level: pre_m2_m1, treated","Strict-tie initially retained population",1993,2010,"partner_focal_persistence_rate",0.418292981670467,NA,NA,NA,"descriptive_level_not_a_causal_effect","Arm-window level only (initially_retained); do not difference or interpret causally.","02_analysis/output/audit/local_match_v2_1993_amendment/NETWORK_N4_DESCRIPTIVE/network_pooled_descriptive_levels.csv","02_analysis/R/64_build_lmv2_network_descriptive.R"
"Team disruption: balance diagnostic","Maximum absolute network-specific baseline SMD","Strict-tie full pre-deal target-inventor cohort",1993,2010,"maximum_absolute_smd",0.123962340249311,NA,NA,NA,"diagnostic_only_no_rematching","Network-specific balance audit for full_cohort; reinforces the descriptive-only interpretation.","02_analysis/output/audit/local_match_v2_1993_amendment/NETWORK_N4_DESCRIPTIVE/network_specific_balance_maximum.csv","02_analysis/R/64_build_lmv2_network_descriptive.R"
"Team disruption: balance diagnostic","Maximum absolute network-specific baseline SMD","Strict-tie initially retained population",1993,2010,"maximum_absolute_smd",0.137605342740384,NA,NA,NA,"diagnostic_only_no_rematching","Network-specific balance audit for initially_retained; reinforces the descriptive-only interpretation.","02_analysis/output/audit/local_match_v2_1993_amendment/NETWORK_N4_DESCRIPTIVE/network_specific_balance_maximum.csv","02_analysis/R/64_build_lmv2_network_descriptive.R"
"Selection","Lee-bounds identification decision","Initially retained inventors",1993,2010,NA,NA,NA,NA,NA,"not identified under defensible assumptions","Do not report ordinary Lee bounds; report observed selection contrasts and their direction instead.","02_analysis/output/audit/local_match_v2_1993_amendment/SELECTION_BOUNDS_DECISION/selection_bounds_decision.csv","02_analysis/R/57_certify_selection_bounds_decision.R"
"Robustness","Full robustness battery","Pre-deal target-inventor cohort",1993,2010,NA,NA,NA,NA,NA,"completed","CBPS, alternative weights, donor/deal omissions, transformed outcomes, PPML, sign-flip, LODO, control placebos, and completion-year checks.","02_analysis/output/audit/local_match_v2_1993_amendment/ROBUSTNESS_RELEASE_1993/FINAL_RELEASE/robustness_results_ordinary_p.csv","02_analysis/R/49a_build_lmv2_1993_robustness_release.R"
"Co-equal identification","Verginer-style matched comparison","Pre-deal target-inventor cohort",1993,2010,NA,NA,NA,NA,NA,"completed with design-specific qualification","Trajectory/technology matched companion design; report its certified support and pretrend diagnostics alongside the estimate.","02_analysis/output/audit/local_match_v2_1993_amendment/ROBUSTNESS_RELEASE_1993/P6_VERGINER_EARLY_RECRUITMENT/verginer_p6_headline.csv","02_analysis/R/24a_run_lmv2_verginer_early_recruitment_p6.R"
